{
  "battle_won_mean": [
    0.0,
    0.0,
    0.0
  ],
  "battle_won_mean_T": [
    28,
    10046,
    20046
  ],
  "dead_allies_mean": [
    8.0,
    7.996742671009772,
    7.997530864197531
  ],
  "dead_allies_mean_T": [
    28,
    10046,
    20046
  ],
  "dead_enemies_mean": [
    0.0,
    0.003257328990228013,
    0.19506172839506172
  ],
  "dead_enemies_mean_T": [
    28,
    10046,
    20046
  ],
  "ep_length_mean": [
    28.0,
    32.63192182410423,
    24.691358024691358
  ],
  "ep_length_mean_T": [
    28,
    10046,
    20046
  ],
  "episode": [
    13,
    26,
    39,
    50,
    64,
    78,
    91,
    104,
    115,
    125,
    136,
    148,
    159,
    172,
    186,
    197,
    210,
    224,
    239,
    254,
    266,
    282,
    296,
    309,
    323,
    337,
    351,
    366,
    381,
    396,
    412,
    427,
    443,
    460,
    478,
    496,
    514,
    532,
    550,
    564,
    582,
    600,
    618,
    636,
    654,
    673,
    691,
    709,
    728,
    746,
    765
  ],
  "episode_T": [
    423,
    887,
    1302,
    1713,
    2126,
    2534,
    2963,
    3389,
    3801,
    4220,
    4696,
    5124,
    5529,
    5951,
    6368,
    6779,
    7205,
    7630,
    8041,
    8445,
    8868,
    9288,
    9693,
    10097,
    10512,
    10912,
    11324,
    11729,
    12141,
    12556,
    12967,
    13373,
    13775,
    14194,
    14615,
    15032,
    15449,
    15865,
    16272,
    16691,
    17104,
    17521,
    17922,
    18334,
    18744,
    19159,
    19560,
    19962,
    20370,
    20771,
    21191
  ],
  "epsilon": [
    1.0,
    0.809563,
    0.6195250000000001
  ],
  "epsilon_T": [
    28,
    10046,
    20046
  ],
  "grad_norm": [
    {
      "dtype": "float32",
      "py/object": "numpy.ndarray",
      "values": 0.8805026412010193
    },
    {
      "dtype": "float32",
      "py/object": "numpy.ndarray",
      "values": 0.21021249890327454
    },
    {
      "dtype": "float32",
      "py/object": "numpy.ndarray",
      "values": 0.5075536966323853
    }
  ],
  "grad_norm_T": [
    1058,
    11059,
    21081
  ],
  "loss": [
    0.15682294964790344,
    0.011901146732270718,
    0.02047750912606716
  ],
  "loss_T": [
    1058,
    11059,
    21081
  ],
  "q_taken_mean": [
    0.015020719322680525,
    0.03167968079717276,
    0.13262263787188652
  ],
  "q_taken_mean_T": [
    1058,
    11059,
    21081
  ],
  "return_mean": [
    {
      "dtype": "float64",
      "py/object": "numpy.float64",
      "value": 0.9375
    },
    {
      "dtype": "float64",
      "py/object": "numpy.float64",
      "value": 2.056494299674267
    },
    {
      "dtype": "float64",
      "py/object": "numpy.float64",
      "value": 3.114891975308642
    }
  ],
  "return_mean_T": [
    28,
    10046,
    20046
  ],
  "return_std": [
    {
      "dtype": "float64",
      "py/object": "numpy.float64",
      "value": 0.0
    },
    {
      "dtype": "float64",
      "py/object": "numpy.float64",
      "value": 0.5274481381564494
    },
    {
      "dtype": "float64",
      "py/object": "numpy.float64",
      "value": 0.8702952040478511
    }
  ],
  "return_std_T": [
    28,
    10046,
    20046
  ],
  "target_mean": [
    0.02952471843063268,
    0.03668265461819014,
    0.1259158182554726
  ],
  "target_mean_T": [
    1058,
    11059,
    21081
  ],
  "td_error_abs": [
    0.30879814277749884,
    0.08107231199279312,
    0.10730584814393065
  ],
  "td_error_abs_T": [
    1058,
    11059,
    21081
  ],
  "test_battle_won_mean": [
    0.0,
    0.0,
    0.375
  ],
  "test_battle_won_mean_T": [
    28,
    10046,
    20046
  ],
  "test_dead_allies_mean": [
    7.9375,
    8.0,
    6.875
  ],
  "test_dead_allies_mean_T": [
    28,
    10046,
    20046
  ],
  "test_dead_enemies_mean": [
    0.0,
    2.6875,
    6.375
  ],
  "test_dead_enemies_mean_T": [
    28,
    10046,
    20046
  ],
  "test_ep_length_mean": [
    43.5625,
    22.53125,
    26.75
  ],
  "test_ep_length_mean_T": [
    28,
    10046,
    20046
  ],
  "test_return_mean": [
    {
      "dtype": "float64",
      "py/object": "numpy.float64",
      "value": 1.869140625
    },
    {
      "dtype": "float64",
      "py/object": "numpy.float64",
      "value": 7.87109375
    },
    {
      "dtype": "float64",
      "py/object": "numpy.float64",
      "value": 14.630859375
    }
  ],
  "test_return_mean_T": [
    28,
    10046,
    20046
  ],
  "test_return_std": [
    {
      "dtype": "float64",
      "py/object": "numpy.float64",
      "value": 0.39908323134041773
    },
    {
      "dtype": "float64",
      "py/object": "numpy.float64",
      "value": 1.7806459707763886
    },
    {
      "dtype": "float64",
      "py/object": "numpy.float64",
      "value": 4.23418355699031
    }
  ],
  "test_return_std_T": [
    28,
    10046,
    20046
  ]
}