{
  "battle_won_mean": [
    0.0,
    0.0,
    0.0,
    0.0,
    0.011389521640091117,
    0.11928934010152284,
    0.2955145118733509,
    0.4483695652173913,
    0.3674033149171271,
    0.48314606741573035,
    0.5071225071225072,
    0.5718849840255591,
    0.694006309148265
  ],
  "battle_won_mean_T": [
    101,
    10102,
    20116,
    30120,
    40138,
    50138,
    60151,
    70171,
    80186,
    90200,
    100219,
    110269,
    120273
  ],
  "dead_allies_mean": [
    8.0,
    8.0,
    7.99746192893401,
    7.995584988962473,
    7.9635535307517085,
    7.67005076142132,
    7.050131926121372,
    6.5978260869565215,
    6.842541436464089,
    6.455056179775281,
    6.310541310541311,
    5.958466453674121,
    5.347003154574132
  ],
  "dead_allies_mean_T": [
    101,
    10102,
    20116,
    30120,
    40138,
    50138,
    60151,
    70171,
    80186,
    90200,
    100219,
    110269,
    120273
  ],
  "dead_enemies_mean": [
    0.0,
    0.0,
    0.1116751269035533,
    0.8543046357615894,
    2.656036446469248,
    4.697969543147208,
    5.796833773087071,
    6.470108695652174,
    6.074585635359116,
    6.544943820224719,
    6.626780626780627,
    6.862619808306709,
    7.145110410094637
  ],
  "dead_enemies_mean_T": [
    101,
    10102,
    20116,
    30120,
    40138,
    50138,
    60151,
    70171,
    80186,
    90200,
    100219,
    110269,
    120273
  ],
  "ep_length_mean": [
    101.0,
    33.006600660066006,
    25.416243654822335,
    22.083885209713024,
    22.82004555808656,
    25.380710659898476,
    26.41952506596306,
    27.22826086956522,
    27.665745856353592,
    28.129213483146067,
    28.544159544159545,
    32.108626198083066,
    31.558359621451103
  ],
  "ep_length_mean_T": [
    101,
    10102,
    20116,
    30120,
    40138,
    50138,
    60151,
    70171,
    80186,
    90200,
    100219,
    110269,
    120273
  ],
  "episode": [
    301,
    694,
    1147,
    1587,
    1981,
    2360,
    2728,
    3090,
    3446,
    3797,
    4112,
    4426
  ],
  "episode_T": [
    10016,
    20027,
    30033,
    40058,
    50063,
    60070,
    70094,
    80104,
    90118,
    100140,
    110149,
    120153
  ],
  "epsilon": [
    1.0,
    0.808632,
    0.618214,
    0.428138,
    0.23800500000000013,
    0.05,
    0.05,
    0.05,
    0.05,
    0.05,
    0.05,
    0.05,
    0.05
  ],
  "epsilon_T": [
    101,
    10102,
    20116,
    30120,
    40138,
    50138,
    60151,
    70171,
    80186,
    90200,
    100219,
    110269,
    120273
  ],
  "grad_norm": [
    {
      "dtype": "float32",
      "py/object": "numpy.ndarray",
      "values": 7.473105430603027
    },
    {
      "dtype": "float32",
      "py/object": "numpy.ndarray",
      "values": 0.04817945882678032
    },
    {
      "dtype": "float32",
      "py/object": "numpy.ndarray",
      "values": 0.4664851129055023
    },
    {
      "dtype": "float32",
      "py/object": "numpy.ndarray",
      "values": 1.541826605796814
    },
    {
      "dtype": "float32",
      "py/object": "numpy.ndarray",
      "values": 0.7701902985572815
    },
    {
      "dtype": "float32",
      "py/object": "numpy.ndarray",
      "values": 0.4716252386569977
    },
    {
      "dtype": "float32",
      "py/object": "numpy.ndarray",
      "values": 4.746845245361328
    },
    {
      "dtype": "float32",
      "py/object": "numpy.ndarray",
      "values": 0.5790188908576965
    },
    {
      "dtype": "float32",
      "py/object": "numpy.ndarray",
      "values": 2.1413629055023193
    },
    {
      "dtype": "float32",
      "py/object": "numpy.ndarray",
      "values": 1.2421997785568237
    },
    {
      "dtype": "float32",
      "py/object": "numpy.ndarray",
      "values": 2.2068705558776855
    },
    {
      "dtype": "float32",
      "py/object": "numpy.ndarray",
      "values": 4.992482662200928
    },
    {
      "dtype": "float32",
      "py/object": "numpy.ndarray",
      "values": 3.0896549224853516
    }
  ],
  "grad_norm_T": [
    1144,
    11166,
    21173,
    31190,
    41204,
    51210,
    61231,
    71257,
    81288,
    91309,
    101314,
    111344,
    121419
  ],
  "loss": [
    0.3174648880958557,
    0.014181327074766159,
    0.017575936391949654,
    0.04244134947657585,
    0.07275458425283432,
    0.05438431724905968,
    0.16858389973640442,
    0.07750458270311356,
    0.11680927127599716,
    0.0953262448310852,
    0.16412591934204102,
    0.23598532378673553,
    0.17636431753635406
  ],
  "loss_T": [
    1144,
    11166,
    21173,
    31190,
    41204,
    51210,
    61231,
    71257,
    81288,
    91309,
    101314,
    111344,
    121419
  ],
  "q_taken_mean": [
    -0.00873161529327606,
    0.024685326509697493,
    0.0916718111816924,
    0.16898064774073912,
    0.3631185442009228,
    0.42996813903501885,
    0.43777548300253377,
    0.47122517509552814,
    0.5056402639803881,
    0.5499500327395953,
    0.5820094419329354,
    0.7404930233812275,
    0.715078366457761
  ],
  "q_taken_mean_T": [
    1144,
    11166,
    21173,
    31190,
    41204,
    51210,
    61231,
    71257,
    81288,
    91309,
    101314,
    111344,
    121419
  ],
  "return_mean": [
    {
      "dtype": "float64",
      "py/object": "numpy.float64",
      "value": 2.0625
    },
    {
      "dtype": "float64",
      "py/object": "numpy.float64",
      "value": 2.020420792079208
    },
    {
      "dtype": "float64",
      "py/object": "numpy.float64",
      "value": 2.8888007614213196
    },
    {
      "dtype": "float64",
      "py/object": "numpy.float64",
      "value": 4.731995033112582
    },
    {
      "dtype": "float64",
      "py/object": "numpy.float64",
      "value": 7.727648063781321
    },
    {
      "dtype": "float64",
      "py/object": "numpy.float64",
      "value": 11.05306154822335
    },
    {
      "dtype": "float64",
      "py/object": "numpy.float64",
      "value": 13.549719656992085
    },
    {
      "dtype": "float64",
      "py/object": "numpy.float64",
      "value": 15.123726222826088
    },
    {
      "dtype": "float64",
      "py/object": "numpy.float64",
      "value": 14.278919198895027
    },
    {
      "dtype": "float64",
      "py/object": "numpy.float64",
      "value": 15.435919943820224
    },
    {
      "dtype": "float64",
      "py/object": "numpy.float64",
      "value": 15.686431623931623
    },
    {
      "dtype": "float64",
      "py/object": "numpy.float64",
      "value": 16.260183706070286
    },
    {
      "dtype": "float64",
      "py/object": "numpy.float64",
      "value": 17.347496056782333
    }
  ],
  "return_mean_T": [
    101,
    10102,
    20116,
    30120,
    40138,
    50138,
    60151,
    70171,
    80186,
    90200,
    100219,
    110269,
    120273
  ],
  "return_std": [
    {
      "dtype": "float64",
      "py/object": "numpy.float64",
      "value": 0.0
    },
    {
      "dtype": "float64",
      "py/object": "numpy.float64",
      "value": 0.47501863815790685
    },
    {
      "dtype": "float64",
      "py/object": "numpy.float64",
      "value": 0.8048761889445339
    },
    {
      "dtype": "float64",
      "py/object": "numpy.float64",
      "value": 1.343001888974396
    },
    {
      "dtype": "float64",
      "py/object": "numpy.float64",
      "value": 1.9569820444711177
    },
    {
      "dtype": "float64",
      "py/object": "numpy.float64",
      "value": 3.549311102393462
    },
    {
      "dtype": "float64",
      "py/object": "numpy.float64",
      "value": 4.31717331958943
    },
    {
      "dtype": "float64",
      "py/object": "numpy.float64",
      "value": 4.475474993040103
    },
    {
      "dtype": "float64",
      "py/object": "numpy.float64",
      "value": 4.483873404901757
    },
    {
      "dtype": "float64",
      "py/object": "numpy.float64",
      "value": 4.4956896887630045
    },
    {
      "dtype": "float64",
      "py/object": "numpy.float64",
      "value": 4.4565511822624995
    },
    {
      "dtype": "float64",