{
  "battle_won_mean": [
    0.0,
    0.0,
    0.0,
    0.0,
    0.005208333333333333,
    0.2655367231638418,
    0.44751381215469616,
    0.5397727272727273,
    0.5,
    0.5078534031413613,
    0.35467980295566504,
    0.2692307692307692,
    0.27941176470588236,
    0.31100478468899523,
    0.319047619047619
  ],
  "battle_won_mean_T": [
    45,
    10068,
    20095,
    30127,
    40149,
    50171,
    60206,
    70252,
    80308,
    90364,
    100378,
    110417,
    120454,
    130505,
    140523
  ],
  "dead_allies_mean": [
    5.0,
    5.0,
    4.99492385786802,
    4.995169082125604,
    4.989583333333333,
    4.361581920903955,
    3.839779005524862,
    3.715909090909091,
    3.736559139784946,
    3.6858638743455496,
    4.088669950738916,
    4.288461538461538,
    4.3431372549019605,
    4.30622009569378,
    4.280952380952381
  ],
  "dead_allies_mean_T": [
    45,
    10068,
    20095,
    30127,
    40149,
    50171,
    60206,
    70252,
    80308,
    90364,
    100378,
    110417,
    120454,
    130505,
    140523
  ],
  "dead_enemies_mean": [
    0.0,
    0.05291005291005291,
    0.37055837563451777,
    0.9903381642512077,
    2.1770833333333335,
    3.3559322033898304,
    3.7900552486187844,
    4.1647727272727275,
    3.9408602150537635,
    3.979057591623037,
    3.3891625615763545,
    3.168269230769231,
    3.299019607843137,
    3.229665071770335,
    3.3047619047619046
  ],
  "dead_enemies_mean_T": [
    45,
    10068,
    20095,
    30127,
    40149,
    50171,
    60206,
    70252,
    80308,
    90364,
    100378,
    110417,
    120454,
    130505,
    140523
  ],
  "ep_length_mean": [
    45.0,
    53.03174603174603,
    50.898477157360404,
    48.46376811594203,
    52.197916666666664,
    56.621468926553675,
    55.44198895027624,
    57.07954545454545,
    54.064516129032256,
    52.64921465968586,
    49.330049261083744,
    48.26442307692308,
    49.200980392156865,
    48.09090909090909,
    47.7047619047619
  ],
  "ep_length_mean_T": [
    45,
    10068,
    20095,
    30127,
    40149,
    50171,
    60206,
    70252,
    80308,
    90364,
    100378,
    110417,
    120454,
    130505,
    140523
  ],
  "episode": [
    189,
    386,
    593,
    785,
    962,
    1143,
    1319,
    1504,
    1694,
    1897,
    2105,
    2309,
    2517,
    2727
  ],
  "episode_T": [
    10008,
    20051,
    30079,
    40080,
    50106,
    60146,
    70194,
    80196,
    90207,
    100238,
    110271,
    120289,
    130314,
    140329
  ],
  "epsilon": [
    1.0,
    0.809848,
    0.6190310000000001,
    0.4284990000000001,
    0.23848000000000014,
    0.05,
    0.05,
    0.05,
    0.05,
    0.05,
    0.05,
    0.05,
    0.05,
    0.05,
    0.05
  ],
  "epsilon_T": [
    45,
    10068,
    20095,
    30127,
    40149,
    50171,
    60206,
    70252,
    80308,
    90364,
    100378,
    110417,
    120454,
    130505,
    140523
  ],
  "grad_norm": [
    {
      "dtype": "float32",
      "py/object": "numpy.ndarray",
      "values": 2.0582199096679688
    },
    {
      "dtype": "float32",
      "py/object": "numpy.ndarray",
      "values": 0.08943070471286774
    },
    {
      "dtype": "float32",
      "py/object": "numpy.ndarray",
      "values": 0.4000701308250427
    },
    {
      "dtype": "float32",
      "py/object": "numpy.ndarray",
      "values": 0.13105499744415283
    },
    {
      "dtype": "float32",
      "py/object": "numpy.ndarray",
      "values": 0.13319896161556244
    },
    {
      "dtype": "float32",
      "py/object": "numpy.ndarray",
      "values": 0.34332984685897827
    },
    {
      "dtype": "float32",
      "py/object": "numpy.ndarray",
      "values": 0.10057172924280167
    },
    {
      "dtype": "float32",
      "py/object": "numpy.ndarray",
      "values": 0.7647842764854431
    },
    {
      "dtype": "float32",
      "py/object": "numpy.ndarray",
      "values": 0.723717451095581
    },
    {
      "dtype": "float32",
      "py/object": "numpy.ndarray",
      "values": 0.9923534989356995
    },
    {
      "dtype": "float32",
      "py/object": "numpy.ndarray",
      "values": 0.3435703217983246
    },
    {
      "dtype": "float32",
      "py/object": "numpy.ndarray",
      "values": 0.1357494443655014
    },
    {
      "dtype": "float32",
      "py/object": "numpy.ndarray",
      "values": 1.7345175743103027
    },
    {
      "dtype": "float32",
      "py/object": "numpy.ndarray",
      "values": 2.4310004711151123
    },
    {
      "dtype": "float32",
      "py/object": "numpy.ndarray",
      "values": 0.3625352382659912
    }
  ],
  "grad_norm_T": [
    1601,
    11602,
    21625,
    31648,
    41686,
    51739,
    61786,
    71787,
    81801,
    91830,
    101854,
    111898,
    121926,
    131960,
    141982
  ],
  "loss": [
    0.08449671417474747,
    0.018088633194565773,
    0.020815035328269005,
    0.02286943979561329,
    0.033860716968774796,
    0.03850366175174713,
    0.051102861762046814,
    0.05812244489789009,
    0.06007266417145729,
    0.05845964699983597,
    0.047017596662044525,
    0.04933531954884529,
    0.07215999066829681,
    0.09553247690200806,
    0.062303610146045685
  ],
  "loss_T": [
    1601,
    11602,
    21625,
    31648,
    41686,
    51739,
    61786,
    71787,
    81801,
    91830,
    101854,
    111898,
    121926,
    131960,
    141982
  ],
  "q_taken_mean": [
    0.004995178565764561,
    0.06133823939732143,
    0.10936619469047089,
    0.17385927195743406,
    0.25695477745308526,
    0.25358830492424245,
    0.29095825616729,
    0.3414655516562686,
    0.3969282291983861,
    0.4702648497464364,
    0.52049840118339,
    0.5865174728667665,
    0.6949807308379522,
    0.7242479556074767,
    0.7782422354000613
  ],
  "q_taken_mean_T": [
    1601,
    11602,
    21625,
    31648,
    41686,
    51739,
    61786,
    71787,
    81801,
    91830,
    101854,
    111898,
    121926,
    131960,
    141982
  ],
  "return_mean": [
    {
      "dtype": "float64",
      "py/object": "numpy.float64",
      "value": 4.232843137254902
    },
    {
      "dtype": "float64",
      "py/object": "numpy.float64",
      "value": 3.974465712210809
    },
    {
      "dtype": "float64",
      "py/object": "numpy.float64",
      "value": 5.419266945356823
    },
    {
      "dtype": "float64",
      "py/object": "numpy.float64",
      "value": 7.324713460263332
    },
    {
      "dtype": "float64",
      "py/object": "numpy.float64",
      "value": 10.056627859477123
    },
    {
      "dtype": "float64",
      "py/object": "numpy.float64",
      "value": 13.969051179793952
    },
    {
      "dtype": "float64",
      "py/object": "numpy.float64",
      "value": 15.966661250135415
    },
    {
      "dtype": "float64",
      "py/object": "numpy.float64",
      "value": 16.860140931372552
    },
    {
      "dtype": "float64",
      "py/object": "numpy.float64",
      "value": 16.493279569892472
    },
    {
      "dtype": "float64",
      "py/object": "numpy.float64",
      "value": 16.762177907812337
    },
    {
      "dtype": "float64",
      "py/object": "numpy.float64",
      "value": 15.416485559741139
    },
    {
      "dtype": "float64",
      "py/object": "numpy.float64",
      "value": 14.936309860482655
    },
    {
      "dtype": "float64",
      "py/object": "numpy.float64",
      "value": 15.195213379469436
    },
    {
      "dtype": "float64",
      "py/object": "numpy.float64",
      "value": 15.222663945961157
    },
    {
      "dtype": "float64",
      "py/object": "numpy.float64",
      "value": 15.358671802054154
    }
  ],
  "return_mean_T": [
    45,
    10068,
    20095,
    30127,
    40149,
    50171,
    60206,
    70252,
    80308,
    90364,
    100378,
    110417,
    120454,
    130505,
    140523
  ],
  "return_std": [
    {
      "dtype": "float64",
      "py/object": "numpy.float64",
      "value": 0.0
    },
    {
      "dtype": "float64",
      "py/object": "numpy.float64",