{
  "battle_won_mean": [
    0.0,
    0.0,
    0.0,
    0.0,
    0.0,
    0.18997361477572558,
    0.6239554317548747,
    0.5637393767705382,
    0.48,
    0.41899441340782123,
    0.3342391304347826,
    0.3210227272727273,
    0.2927536231884058,
    0.4139072847682119
  ],
  "battle_won_mean_T": [
    28,
    10040,
    20040,
    30042,
    40058,
    50066,
    60074,
    70075,
    80097,
    90102,
    100124,
    110141,
    120153,
    130186
  ],
  "dead_allies_mean": [
    8.0,
    7.993630573248407,
    7.984251968503937,
    8.0,
    8.0,
    7.401055408970977,
    5.908077994428969,
    6.18413597733711,
    6.482857142857143,
    6.73463687150838,
    6.959239130434782,
    7.099431818181818,
    7.130434782608695,
    6.900662251655629
  ],
  "dead_allies_mean_T": [
    28,
    10040,
    20040,
    30042,
    40058,
    50066,
    60074,
    70075,
    80097,
    90102,
    100124,
    110141,
    120153,
    130186
  ],
  "dead_enemies_mean": [
    0.0,
    0.012738853503184714,
    0.28346456692913385,
    1.125269978401728,
    2.8013698630136985,
    5.076517150395778,
    7.0194986072423395,
    6.929178470254958,
    6.554285714285714,
    6.245810055865922,
    6.021739130434782,
    6.042613636363637,
    5.747826086956522,
    6.337748344370861
  ],
  "dead_enemies_mean_T": [
    28,
    10040,
    20040,
    30042,
    40058,
    50066,
    60074,
    70075,
    80097,
    90102,
    100124,
    110141,
    120153,
    130186
  ],
  "ep_length_mean": [
    28.0,
    31.88535031847134,
    26.246719160104988,
    21.602591792656586,
    22.8675799086758,
    26.406332453825858,
    27.87743732590529,
    28.3314447592068,
    28.634285714285713,
    27.946927374301676,
    27.233695652173914,
    28.457386363636363,
    29.020289855072463,
    33.22185430463576
  ],
  "ep_length_mean_T": [
    28,
    10040,
    20040,
    30042,
    40058,
    50066,
    60074,
    70075,
    80097,
    90102,
    100124,
    110141,
    120153,
    130186
  ],
  "episode": [
    314,
    695,
    1158,
    1596,
    1975,
    2334,
    2687,
    3037,
    3395,
    3762,
    4114,
    4459,
    4761
  ],
  "episode_T": [
    10014,
    20017,
    30021,
    40035,
    50037,
    60048,
    70052,
    80066,
    90067,
    100072,
    110091,
    120097,
    130105
  ],
  "epsilon": [
    1.0,
    0.8097340000000001,
    0.619677,
    0.4296010000000001,
    0.23933500000000008,
    0.05,
    0.05,
    0.05,
    0.05,
    0.05,
    0.05,
    0.05,
    0.05,
    0.05
  ],
  "epsilon_T": [
    28,
    10040,
    20040,
    30042,
    40058,
    50066,
    60074,
    70075,
    80097,
    90102,
    100124,
    110141,
    120153,
    130186
  ],
  "grad_norm": [
    {
      "dtype": "float32",
      "py/object": "numpy.ndarray",
      "values": 1.7857086658477783
    },
    {
      "dtype": "float32",
      "py/object": "numpy.ndarray",
      "values": 0.28648439049720764
    },
    {
      "dtype": "float32",
      "py/object": "numpy.ndarray",
      "values": 0.12105777859687805
    },
    {
      "dtype": "float32",
      "py/object": "numpy.ndarray",
      "values": 3.688821315765381
    },
    {
      "dtype": "float32",
      "py/object": "numpy.ndarray",
      "values": 1.984170913696289
    },
    {
      "dtype": "float32",
      "py/object": "numpy.ndarray",
      "values": 1.6226557493209839
    },
    {
      "dtype": "float32",
      "py/object": "numpy.ndarray",
      "values": 2.9447011947631836
    },
    {
      "dtype": "float32",
      "py/object": "numpy.ndarray",
      "values": 5.374414920806885
    },
    {
      "dtype": "float32",
      "py/object": "numpy.ndarray",
      "values": 3.0131351947784424
    },
    {
      "dtype": "float32",
      "py/object": "numpy.ndarray",
      "values": 0.7544019222259521
    },
    {
      "dtype": "float32",
      "py/object": "numpy.ndarray",
      "values": 4.495579242706299
    },
    {
      "dtype": "float32",
      "py/object": "numpy.ndarray",
      "values": 0.864231526851654
    },
    {
      "dtype": "float32",
      "py/object": "numpy.ndarray",
      "values": 3.6770761013031006
    },
    {
      "dtype": "float32",
      "py/object": "numpy.ndarray",
      "values": 6.160301208496094
    }
  ],
  "grad_norm_T": [
    963,
    10984,
    20988,
    31012,
    41022,
    51047,
    61071,
    71093,
    81116,
    91139,
    101164,
    111183,
    121192,
    131198
  ],
  "loss": [
    0.12010977417230606,
    0.013219905085861683,
    0.016954421997070312,
    0.12430699169635773,
    0.1101444661617279,
    0.11534630507230759,
    0.1354222446680069,
    0.19350214302539825,
    0.1413010209798813,
    0.2023399919271469,
    0.24087899923324585,
    0.19650450348854065,
    0.21047431230545044,
    0.275878369808197
  ],
  "loss_T": [
    963,
    10984,
    20988,
    31012,
    41022,
    51047,
    61071,
    71093,
    81116,
    91139,
    101164,
    111183,
    121192,
    131198
  ],
  "q_taken_mean": [
    0.0067502266397604935,
    0.017119422152235702,
    0.0876844365546044,
    0.25113107440772275,
    0.26783431760158055,
    0.39733744776526164,
    0.43550483658468936,
    0.5755852423561678,
    0.6314052337496151,
    0.6958337431972467,
    0.7534927479002724,
    0.7883994263132841,
    0.7612134920840232,
    0.6980924236240672
  ],
  "q_taken_mean_T": [
    963,
    10984,
    20988,
    31012,
    41022,
    51047,
    61071,
    71093,
    81116,
    91139,
    101164,
    111183,
    121192,
    131198
  ],
  "return_mean": [
    {
      "dtype": "float64",
      "py/object": "numpy.float64",
      "value": 1.5
    },
    {
      "dtype": "float64",
      "py/object": "numpy.float64",
      "value": 2.056329617834395
    },
    {
      "dtype": "float64",
      "py/object": "numpy.float64",
      "value": 3.206692913385827
    },
    {
      "dtype": "float64",
      "py/object": "numpy.float64",
      "value": 4.912189524838013
    },
    {
      "dtype": "float64",
      "py/object": "numpy.float64",
      "value": 7.436001712328767
    },
    {
      "dtype": "float64",
      "py/object": "numpy.float64",
      "value": 11.89792216358839
    },
    {
      "dtype": "float64",
      "py/object": "numpy.float64",
      "value": 16.68924094707521
    },
    {
      "dtype": "float64",
      "py/object": "numpy.float64",
      "value": 16.206798866855525
    },
    {
      "dtype": "float64",
      "py/object": "numpy.float64",
      "value": 15.334464285714287
    },
    {
      "dtype": "float64",
      "py/object": "numpy.float64",
      "value": 14.709148044692737
    },
    {
      "dtype": "float64",
      "py/object": "numpy.float64",
      "value": 13.877207880434783
    },
    {
      "dtype": "float64",
      "py/object": "numpy.float64",
      "value": 13.899591619318182
    },
    {
      "dtype": "float64",
      "py/object": "numpy.float64",
      "value": 13.316394927536232
    },
    {
      "dtype": "float64",
      "py/object": "numpy.float64",
      "value": 14.711092715231787
    }
  ],
  "return_mean_T": [
    28,
    10040,
    20040,
    30042,
    40058,
    50066,
    60074,
    70075,
    80097,
    90102,
    100124,
    110141,
    120153,
    130186
  ],
  "return_std": [
    {
      "dtype": "float64",
      "py/object": "numpy.float64",
      "value": 0.0
    },
    {
      "dtype": "float64",
      "py/object": "numpy.float64",
      "value": 0.5035569575578809
    },
    {
      "dtype": "float64",
      "py/object": "numpy.float64",
      "value": 0.9803686927926899
    },
    {
      "dtype": "float64",
      "py/object": "numpy.float64",
      "value": 1.2900290176903555
    },
    {
      "dtype": "float64",
      "py/object": "numpy.float64",
      "value": 1.64660080769099
    },
    {
      "dtype": "float64",
      "py/object": "numpy.float64",
      "value": 4.178534959314164
    },
    {
      "dtype": "float64",
      "py/object": "numpy.float64",