{
  "battle_won_mean": [
    0.0,
    0.0,
    0.0,
    0.0,
    0.0022624434389140274,
    0.1751269035532995,
    0.5771276595744681,
    0.5053763440860215
  ],
  "battle_won_mean_T": [
    100,
    10119,
    20138,
    30146,
    40149,
    50165,
    60197,
    70223
  ],
  "dead_allies_mean": [
    8.0,
    7.996825396825397,
    7.9926108374384235,
    8.0,
    7.995475113122172,
    7.451776649746193,
    6.0212765957446805,
    6.333333333333333
  ],
  "dead_allies_mean_T": [
    100,
    10119,
    20138,
    30146,
    40149,
    50165,
    60197,
    70223
  ],
  "dead_enemies_mean": [
    0.0,
    0.012698412698412698,
    0.23645320197044334,
    1.0989247311827957,
    2.6176470588235294,
    4.901015228426396,
    6.784574468085107,
    6.639784946236559
  ],
  "dead_enemies_mean_T": [
    100,
    10119,
    20138,
    30146,
    40149,
    50165,
    60197,
    70223
  ],
  "ep_length_mean": [
    100.0,
    31.806349206349207,
    24.677339901477833,
    21.52258064516129,
    22.631221719457013,
    25.421319796954315,
    26.680851063829788,
    26.951612903225808
  ],
  "ep_length_mean_T": [
    100,
    10119,
    20138,
    30146,
    40149,
    50165,
    60197,
    70223
  ],
  "episode": [
    12,
    22,
    33,
    46,
    59,
    69,
    82,
    96,
    110,
    124,
    138,
    149,
    162,
    174,
    186,
    197,
    212,
    226,
    241,
    256,
    271,
    285,
    301,
    314,
    329,
    345,
    357,
    372,
    386,
    400,
    414,
    430,
    447,
    464,
    481,
    494,
    512,
    530,
    548,
    562,
    581,
    600,
    619,
    637,
    655,
    673,
    692,
    711,
    730,
    749,
    768,
    786,
    805,
    824,
    843,
    862,
    881,
    900,
    919,
    939,
    958,
    977,
    996,
    1015,
    1034,
    1053,
    1072,
    1091,
    1110,
    1129,
    1148,
    1167,
    1186,
    1201,
    1220,
    1239,
    1258,
    1277,
    1296,
    1314,
    1333,
    1351,
    1370,
    1388,
    1407,
    1426,
    1444,
    1462,
    1480,
    1498,
    1517,
    1535,
    1553,
    1571,
    1589,
    1606,
    1623,
    1640,
    1657,
    1674,
    1691,
    1708,
    1725,
    1742,
    1760,
    1777,
    1794,
    1811,
    1827,
    1842,
    1857,
    1872,
    1888,
    1904,
    1919,
    1935,
    1947,
    1963,
    1979,
    1995,
    2011,
    2027,
    2042,
    2057,
    2072,
    2088,
    2103,
    2118,
    2134,
    2149,
    2165,
    2181,
    2196,
    2211,
    2227,
    2243,
    2259,
    2271,
    2287,
    2304,
    2319,
    2335,
    2351,
    2366,
    2382,
    2397,
    2412,
    2427,
    2441,
    2456,
    2472,
    2487,
    2503,
    2519,
    2535,
    2550,
    2565,
    2580,
    2595,
    2610,
    2626,
    2641,
    2656,
    2672,
    2687,
    2703,
    2718,
    2734,
    2750,
    2765,
    2780,
    2796,
    2812,
    2826,
    2841,
    2856,
    2872,
    2887,
    2903,
    2919,
    2933,
    2947,
    2963,
    2978,
    2994,
    3010,
    3026,
    3041,
    3056,
    3072,
    3087,
    3103,
    3119
  ],
  "episode_T": [
    404,
    831,
    1269,
    1679,
    2092,
    2502,
    2902,
    3335,
    3758,
    4188,
    4605,
    5016,
    5439,
    5894,
    6311,
    6748,
    7185,
    7609,
    8013,
    8416,
    8821,
    9240,
    9656,
    10071,
    10475,
    10899,
    11325,
    11742,
    12150,
    12563,
    12965,
    13381,
    13783,
    14186,
    14587,
    14990,
    15392,
    15799,
    16206,
    16620,
    17036,
    17456,
    17867,
    18268,
    18669,
    19073,
    19488,
    19896,
    20312,
    20721,
    21140,
    21546,
    21968,
    22375,
    22790,
    23204,
    23604,
    24009,
    24413,
    24834,
    25243,
    25657,
    26067,
    26476,
    26876,
    27279,
    27679,
    28083,
    28490,
    28899,
    29316,
    29720,
    30124,
    30548,
    30951,
    31357,
    31765,
    32168,
    32575,
    32977,
    33397,
    33808,
    34222,
    34629,
    35048,
    35468,
    35876,
    36282,
    36698,
    37110,
    37530,
    37939,
    38348,
    38762,
    39179,
    39597,
    40010,
    40411,
    40811,
    41221,
    41626,
    42027,
    42436,
    42857,
    43279,
    43701,
    44116,
    44523,
    44924,
    45342,
    45746,
    46154,
    46563,
    46978,
    47384,
    47807,
    48207,
    48622,
    49025,
    49443,
    49852,
    50271,
    50691,
    51099,
    51506,
    51910,
    52310,
    52710,
    53130,
    53533,
    53960,
    54377,
    54782,
    55184,
    55603,
    56020,
    56439,
    56844,
    57268,
    57672,
    58076,
    58494,
    58904,
    59313,
    59735,
    60142,
    60565,
    60978,
    61383,
    61794,
    62218,
    62620,
    63042,
    63462,
    63878,
    64284,
    64686,
    65106,
    65522,
    65934,
    66355,
    66766,
    67172,
    67590,
    67995,
    68410,
    68812,
    69225,
    69649,
    70058,
    70476,
    70891,
    71299,
    71708,
    72111,
    72522,
    72929,
    73329,
    73730,
    74141,
    74544,
    74944,
    75365,
    75771,
    76187,
    76599,
    77015,
    77422,
    77826,
    78247,
    78653,
    79072,
    79483
  ],
  "epsilon": [
    1.0,
    0.808157,
    0.617891,
    0.427644,
    0.2376250000000001,
    0.05,
    0.05,
    0.05
  ],
  "epsilon_T": [
    100,
    10119,
    20138,
    30146,
    40149,
    50165,
    60197,
    70223
  ],
  "grad_norm": [
    {
      "dtype": "float32",
      "py/object": "numpy.ndarray",
      "values": 1.1313841342926025
    },
    {
      "dtype": "float32",
      "py/object": "numpy.ndarray",
      "values": 0.046154964715242386
    },
    {
      "dtype": "float32",
      "py/object": "numpy.ndarray",
      "values": 0.1794864982366562
    },
    {
      "dtype": "float32",
      "py/object": "numpy.ndarray",
      "values": 0.41913357377052307
    },
    {
      "dtype": "float32",
      "py/object": "numpy.ndarray",
      "values": 1.1018999814987183
    },
    {
      "dtype": "float32",
      "py/object": "numpy.ndarray",
      "values": 1.7190239429473877
    },
    {
      "dtype": "float32",
      "py/object": "numpy.ndarray",
      "values": 1.4412062168121338
    },
    {
      "dtype": "float32",
      "py/object": "numpy.ndarray",
      "values": 2.663642406463623
    }
  ],
  "grad_norm_T": [
    1195,
    11206,
    21212,
    31228,
    41243,
    51267,
    61298,
    71299
  ],
  "loss": [
    0.251975953578949,
    0.012518568895757198,
    0.021039513871073723,
    0.04253461956977844,
    0.06209218502044678,
    0.05865545943379402,
    0.2449948787689209,
    0.2042086273431778
  ],
  "loss_T": [
    1195,
    11206,
    21212,
    31228,
    41243,
    51267,
    61298,
    71299
  ],
  "q_taken_mean": [
    -0.05012120202994247,
    -0.011974827819495484,
    0.06626412796413511,
    0.20688837224786932,
    0.31137427545362906,
    0.37372369804845645,
    0.49465125287009654,
    0.5229553007995678
  ],
  "q_taken_mean_T": [
    1195,
    11206,
    21212,
    31228,
    41243,
    51267,
    61298,
    71299
  ],
  "return_mean": [
    {
      "dtype": "float64",
      "py/object": "numpy.float64",
      "value": 2.0625
    },
    {
      "dtype": "float64",
      "py/object": "numpy.float64",
      "value": 2.108730158730159
    },
    {
      "dtype": "float64",
      "py/object": "numpy.float64",
      "value": 3.164408866995074
    },
    {
      "dtype": "float64",
      "py/object": "numpy.float64",
      "value": 4.931922043010752
    },
    {
      "dtype": "float64",
      "py/object": "numpy.float64",
      "value": 7.309601244343892
    },
    {
      "dtype": "float64",
      "py/object": "numpy.float64",
      "value": 11.580187182741117
    },
    {
      "dtype": "float64",
      "py/object": "numpy.float64",
      "value": 16.22398603723404
    },
    {
      "dtype": "float64",
      "py/object": "numpy.float64",
      "value": 15.635752688172044
    }
  ],